{"IcoMoonType":"selection","icons":[{"icon":{"paths":["M877.714 768v73.143c0 20-16.571 36.571-36.571 36.571h-804.571c-20 0-36.571-16.571-36.571-36.571v-73.143c0-20 16.571-36.571 36.571-36.571h804.571c20 0 36.571 16.571 36.571 36.571zM877.714 475.429v73.143c0 20-16.571 36.571-36.571 36.571h-804.571c-20 0-36.571-16.571-36.571-36.571v-73.143c0-20 16.571-36.571 36.571-36.571h804.571c20 0 36.571 16.571 36.571 36.571zM877.714 182.857v73.143c0 20-16.571 36.571-36.571 36.571h-804.571c-20 0-36.571-16.571-36.571-36.571v-73.143c0-20 16.571-36.571 36.571-36.571h804.571c20 0 36.571 16.571 36.571 36.571z"],"width":877.7142857142857,"attrs":[],"isMulticolor":false,"isMulticolor2":false,"tags":["bars","navicon","reorder"],"defaultCode":61641,"grid":14},"attrs":[],"properties":{"name":"bars, navicon, reorder","id":178,"order":815,"prevSize":28,"code":61641},"setIdx":0,"setId":15,"iconIdx":178},{"icon":{"paths":["M658.286 475.429c0-141.143-114.857-256-256-256s-256 114.857-256 256 114.857 256 256 256 256-114.857 256-256zM950.857 950.857c0 40-33.143 73.143-73.143 73.143-19.429 0-38.286-8-51.429-21.714l-196-195.429c-66.857 46.286-146.857 70.857-228 70.857-222.286 0-402.286-180-402.286-402.286s180-402.286 402.286-402.286 402.286 180 402.286 402.286c0 81.143-24.571 161.143-70.857 228l196 196c13.143 13.143 21.143 32 21.143 51.429z"],"width":950.8571428571428,"attrs":[],"isMulticolor":false,"isMulticolor2":false,"tags":["search"],"defaultCode":61442,"grid":14},"attrs":[],"properties":{"name":"search","id":0,"order":8,"prevSize":28,"code":61442},"setIdx":13,"setId":2,"iconIdx":0},{"icon":{"paths":["M438.857 365.714c0-80.571-65.714-146.286-146.286-146.286s-146.286 65.714-146.286 146.286 65.714 146.286 146.286 146.286 146.286-65.714 146.286-146.286zM585.143 365.714c0 34.857-4 70.857-18.857 102.286l-208 442.286c-12 25.143-38.286 40.571-65.714 40.571s-53.714-15.429-65.143-40.571l-208.571-442.286c-14.857-31.429-18.857-67.429-18.857-102.286 0-161.714 130.857-292.571 292.571-292.571s292.571 130.857 292.571 292.571z"],"width":585.1428571428571,"attrs":[],"isMulticolor":false,"isMulticolor2":false,"tags":["map-marker"],"defaultCode":61505,"grid":14},"attrs":[],"properties":{"name":"map-marker","id":7,"order":5,"prevSize":28,"code":61505},"setIdx":13,"setId":2,"iconIdx":7},{"icon":{"paths":["M135.429 808h132v-396.571h-132v396.571zM276 289.143c-0.571-38.857-28.571-68.571-73.714-68.571s-74.857 29.714-74.857 68.571c0 37.714 28.571 68.571 73.143 68.571h0.571c46.286 0 74.857-30.857 74.857-68.571zM610.286 808h132v-227.429c0-121.714-65.143-178.286-152-178.286-70.857 0-102.286 39.429-119.429 66.857h1.143v-57.714h-132s1.714 37.143 0 396.571v0h132v-221.714c0-11.429 0.571-23.429 4-32 9.714-23.429 31.429-48 68-48 47.429 0 66.286 36 66.286 89.714v212zM877.714 237.714v548.571c0 90.857-73.714 164.571-164.571 164.571h-548.571c-90.857 0-164.571-73.714-164.571-164.571v-548.571c0-90.857 73.714-164.571 164.571-164.571h548.571c90.857 0 164.571 73.714 164.571 164.571z"],"width":877.7142857142857,"attrs":[],"isMulticolor":false,"isMulticolor2":false,"tags":["linkedin-square"],"defaultCode":61580,"grid":14},"attrs":[],"properties":{"name":"linkedin-square","id":11,"order":792,"prevSize":28,"code":61580},"setIdx":13,"setId":2,"iconIdx":11},{"icon":{"paths":["M1024 405.714v453.714c0 50.286-41.143 91.429-91.429 91.429h-841.143c-50.286 0-91.429-41.143-91.429-91.429v-453.714c17.143 18.857 36.571 35.429 57.714 49.714 94.857 64.571 190.857 129.143 284 197.143 48 35.429 107.429 78.857 169.714 78.857h1.143c62.286 0 121.714-43.429 169.714-78.857 93.143-67.429 189.143-132.571 284.571-197.143 20.571-14.286 40-30.857 57.143-49.714zM1024 237.714c0 64-47.429 121.714-97.714 156.571-89.143 61.714-178.857 123.429-267.429 185.714-37.143 25.714-100 78.286-146.286 78.286h-1.143c-46.286 0-109.143-52.571-146.286-78.286-88.571-62.286-178.286-124-266.857-185.714-40.571-27.429-98.286-92-98.286-144 0-56 30.286-104 91.429-104h841.143c49.714 0 91.429 41.143 91.429 91.429z"],"width":1024,"attrs":[],"isMulticolor":false,"isMulticolor2":false,"tags":["envelope"],"defaultCode":61664,"grid":14},"attrs":[],"properties":{"name":"envelope","id":16,"order":18,"prevSize":28,"code":61664},"setIdx":13,"setId":2,"iconIdx":16},{"icon":{"paths":["M554.857 710.857v120.571c0 25.714-7.429 38.286-22.286 38.286-8.571 0-17.143-4-25.714-12.571v-172c8.571-8.571 17.143-12.571 25.714-12.571 14.857 0 22.286 13.143 22.286 38.286zM748 711.429v26.286h-51.429v-26.286c0-25.714 8.571-38.857 25.714-38.857s25.714 13.143 25.714 38.857zM196 586.857h61.143v-53.714h-178.286v53.714h60v325.143h57.143v-325.143zM360.571 912h50.857v-282.286h-50.857v216c-11.429 16-22.286 24-32.571 24-6.857 0-10.857-4-12-12-0.571-1.714-0.571-8-0.571-20v-208h-50.857v223.429c0 20 1.714 33.143 4.571 41.714 4.571 14.286 16.571 21.143 33.143 21.143 18.286 0 37.714-11.429 58.286-34.857v30.857zM605.714 827.429v-112.571c0-26.286-1.143-45.143-5.143-56.571-6.286-21.143-20.571-32-40.571-32-18.857 0-36.571 10.286-53.143 30.857v-124h-50.857v378.857h50.857v-27.429c17.143 21.143 34.857 31.429 53.143 31.429 20 0 34.286-10.857 40.571-31.429 4-12 5.143-30.857 5.143-57.143zM798.857 821.714v-7.429h-52c0 20.571-0.571 32-1.143 34.857-2.857 13.714-10.286 20.571-22.857 20.571-17.714 0-26.286-13.143-26.286-39.429v-49.714h102.286v-58.857c0-30.286-5.143-52-15.429-66.286-14.857-19.429-34.857-29.143-60.571-29.143-26.286 0-46.286 9.714-61.143 29.143-10.857 14.286-16 36-16 66.286v98.857c0 30.286 5.714 52.571 16.571 66.286 14.857 19.429 34.857 29.143 61.714 29.143s48-10.286 61.714-30.286c6.286-9.143 10.857-19.429 12-30.857 1.143-5.143 1.143-16.571 1.143-33.143zM451.429 300v-120c0-26.286-7.429-39.429-24.571-39.429-16.571 0-24.571 13.143-24.571 39.429v120c0 26.286 8 40 24.571 40 17.143 0 24.571-13.714 24.571-40zM862.286 729.143c0 65.714-0.571 136-14.857 200-10.857 45.143-47.429 78.286-91.429 82.857-105.143 12-211.429 12-317.143 12s-212 0-317.143-12c-44-4.571-81.143-37.714-91.429-82.857-14.857-64-14.857-134.286-14.857-200v0c0-66.286 0.571-136 14.857-200 10.857-45.143 47.429-78.286 92-83.429 104.571-11.429 210.857-11.429 316.571-11.429s212 0 317.143 11.429c44 5.143 81.143 38.286 91.429 83.429 14.857 64 14.857 133.714 14.857 200zM292 0h58.286l-69.143 228v154.857h-57.143v-154.857c-5.143-28-16.571-68-34.857-121.143-12.571-35.429-25.143-71.429-37.143-106.857h60.571l40.571 150.286zM503.429 190.286v100c0 30.286-5.143 53.143-16 67.429-14.286 19.429-34.286 29.143-60.571 29.143-25.714 0-45.714-9.714-60-29.143-10.857-14.857-16-37.143-16-67.429v-100c0-30.286 5.143-52.571 16-66.857 14.286-19.429 34.286-29.143 60-29.143 26.286 0 46.286 9.714 60.571 29.143 10.857 14.286 16 36.571 16 66.857zM694.857 97.714v285.143h-52v-31.429c-20.571 24-40 35.429-58.857 35.429-16.571 0-28.571-6.857-33.714-21.143-2.857-8.571-4.571-22.286-4.571-42.857v-225.143h52v209.714c0 12 0 18.857 0.571 20 1.143 8 5.143 12.571 12 12.571 10.286 0 21.143-8 32.571-24.571v-217.714h52z"],"width":877.7142857142857,"attrs":[],"isMulticolor":false,"isMulticolor2":false,"tags":["youtube"],"defaultCode":61799,"grid":14},"attrs":[],"properties":{"name":"youtube","id":24,"order":38,"prevSize":28,"code":61799},"setIdx":13,"setId":2,